content,time,title,url
QQ快速登录协议分析以及风险反思,2018年8月22日,QQ快速登录协议分析以及风险反思,https://www.cnblogs.com/qiyeboy/p/9496262.html
content,time,title,url
QQ快速登录协议分析以及风险反思,2018年8月22日,QQ快速登录协议分析以及风险反思,https://www.cnblogs.com/qiyeboy/p/9496262.html
小知识点--crontab,2018年8月12日,小知识点--crontab,https://www.cnblogs.com/qiyeboy/p/9464262.html
基于HTTPS的中间人攻击-BaseProxy,2018年7月11日,基于HTTPS的中间人攻击-BaseProxy,https://www.cnblogs.com/qiyeboy/p/9296038.html
BaseProxy:异步http/https中间人,2018年6月23日,BaseProxy:异步http/https中间人,https://www.cnblogs.com/qiyeboy/p/9216433.html
百度云满速下载原理与方法,2018年5月28日,百度云满速下载原理与方法,https://www.cnblogs.com/qiyeboy/p/9098718.html
新版知乎登录之post请求,2018年5月23日,新版知乎登录之post请求,https://www.cnblogs.com/qiyeboy/p/9077712.html
requests发送post请求的一些疑点,2018年5月20日,requests发送post请求的一些疑点,https://www.cnblogs.com/qiyeboy/p/9062667.html
Python3实现ICMP远控后门(下)之“Boss”出场,2018年5月17日,Python3实现ICMP远控后门(下)之“Boss”出场,https://www.cnblogs.com/qiyeboy/p/9053058.html
Python3实现ICMP远控后门(中)之“嗅探”黑科技,2018年5月13日,Python3实现ICMP远控后门(中)之“嗅探”黑科技,https://www.cnblogs.com/qiyeboy/p/9033707.html
Python3实现ICMP远控后门(上)_补充篇,2018年5月11日,Python3实现ICMP远控后门(上)_补充篇,https://www.cnblogs.com/qiyeboy/p/9023129.html
